vendor,S|P,PO_Group,Product_Code,Vendor_Code_List,Quantity,Plus_or_Minus,Base_Curve,Diameter,MF_Add_Power,Cylinder,Sphere_1,Sphere_2
175,S,AA,null,*175*204*,null,null,null,null,null,null,null,null
vendor,S|P,PO_Group,Product_Code,Vendor_Code_List,Quantity,Plus_or_Minus,Base_Curve,Diameter,MF_Add_Power,Cylinder,Sphere_1,Sphere_2
175,S,ZZ,null,*175*204*,null,null,null,null,null,null,null,null
vendor,S|P,PO_Group,Product_Code,Vendor_Code_List,Quantity,Plus_or_Minus,Base_Curve,Diameter,MF_Add_Power,Cylinder,Sphere_1,Sphere_2
null,null,null,null,null,null,null,null,null,null,null,null,null
vendor,S|P,PO_Group,Product_Code,Vendor_Code_List,Quantity,Plus_or_Minus,Base_Curve,Diameter,MF_Add_Power,Cylinder,Sphere_1,Sphere_2
107,S,AA,7026,null,25,null,null,null,null,null,null,null
vendor,S|P,PO_Group,Product_Code,Vendor_Code_List,Quantity,Plus_or_Minus,Base_Curve,Diameter,MF_Add_Power,Cylinder,Sphere_1,Sphere_2
107,S,AB,7059,null,12,null,null,null,null,null,null,null
vendor,S|P,PO_Group,Product_Code,Vendor_Code_List,Quantity,Plus_or_Minus,Base_Curve,Diameter,MF_Add_Power,Cylinder,Sphere_1,Sphere_2
